"Theta","se(Theta)","n","ScaleScore","AchievementLevel"
1.19463656538428,1.08628080268387,15,522,3
1.37310053248591,1.1410867663515,15,525,3
3.99991978323292,2.36269129003047,15,575,4
-0.792217843516987,0.766134172592811,15,484,2
-0.455052649764876,0.778005563059332,15,491,2
0.671823773652589,0.947808834903222,15,512,3
2.16511824882006,1.42710913747021,15,540,4
-2.60827667432576,1.0334632298395,15,450,1
-2.45136187635069,0.987182470371872,15,453,1
1.15067728592703,1.07335093154099,15,521,3
-0.717193684472334,0.767130745106389,15,486,2
1.73279682428022,1.2624897451987,15,532,4
1.40842616965124,1.15236885973633,15,526,3
-1.08433632617318,0.771282098088765,15,479,2
-0.224584132511213,0.796915618399806,15,495,2
0.435388267562645,0.896771122191554,15,508,3
-0.0244278602724265,0.82022953677774,15,499,2
0.46985619905631,0.903736316348866,15,508,3
-0.969075915851623,0.767534537513614,15,481,2
0.663468281714897,0.945877098063394,15,512,3
3.24590128124368,1.9286394363769,15,561,4
-0.174304063038733,0.802178572274321,15,496,2
-0.112904646040682,0.809148330540765,15,497,2
-0.988831136424678,0.768018098829659,15,481,2
-0.366297610746461,0.784265329446769,15,493,2
-1.23205425929727,0.779347445268036,15,476,2
0.0811188381878933,0.835025922449808,15,501,3
-0.419750639440698,0.780340674859609,15,492,2
0.179846394869684,0.850389563839043,15,503,3
-0.824955614494556,0.765996035551769,15,484,2
-1.65285045284465,0.822306632086517,15,468,1
0.882707432390308,0.999563438122258,15,516,3
-1.28366277927589,0.783026651776942,15,475,2
0.0969987046864722,0.837398560700325,15,501,3
1.09902944041435,1.05845241517296,15,520,3
-1.295045996465,0.783898090777072,15,475,2
-1.29281477582561,0.783725574779875,15,475,2
0.66307463873596,0.945786317623015,15,512,3
-1.09187809036989,0.771605184721569,15,479,2
2.00415683250414,1.3634615598913,15,537,4
1.09894866590268,1.05842936402576,15,520,3
3.99991978323292,2.36269129003047,15,575,4
-0.983656113406551,0.767885073843316,15,481,2
3.50484089381227,2.06923614558444,15,566,4
-0.208281846594012,0.798577934979939,15,495,2
-0.0924146166404531,0.811606106344378,15,498,2
-0.109094551211541,0.809600376140064,15,497,2
1.19463656538428,1.08628080268387,15,522,3
1.01813122375224,1.03575967429776,15,519,3
-0.145777242218782,0.80534287859843,15,497,2
1.1249959500101,1.06590307858662,15,521,3
0.709864681145289,0.956719718205035,15,513,3
-2.38398252173549,0.968794082294126,15,454,1
-0.229473292169415,0.79642535010745,15,495,2
-1.19919355301262,0.777236951008376,15,477,2
-0.998375331710478,0.768275260275848,15,481,2
-1.19533765366548,0.777001156006158,15,477,2
0.910259412809506,1.00674330973043,15,517,3
0.665707045139805,0.946393782313447,15,512,3
-1.05814150305419,0.770234178910397,15,479,2
1.12175398149383,1.06496845169077,15,521,3
-1.59242903900356,0.8143217153045,15,469,1
-0.134841249332479,0.80659000244316,15,497,2
0.54103136729758,0.918637773409223,15,510,3
-0.598212140771042,0.770647396493958,15,488,2
0.114528815836474,0.840061831392941,15,502,3
-0.885021561360447,0.766211963229294,15,483,2
1.87700691952138,1.31515762857625,15,535,4
0.480208978268284,0.905860535153995,15,508,3
1.01243947271452,1.03419294071302,15,519,3
0.978263297679251,1.0248687293225,15,518,3
0.114528815836474,0.840061831392941,15,502,3
3.35419651147756,1.98641233568904,15,563,4
0.97839718178542,1.02490497733942,15,518,3
0.834207506723918,0.987156499515197,15,515,3
0.498853497926365,0.909723358701904,15,509,3
0.429843349568927,0.895666054744922,15,508,3
0.932385945382721,1.0125779231362,15,517,3
-1.65108280752403,0.822064355321897,15,468,1
-0.509176836554513,0.774824283915248,15,490,2
-0.744017183712736,0.766665773735446,15,485,2
0.256091949036332,0.863242447768731,15,504,3
0.568926972622002,0.924666670866934,15,510,3
-0.225171702218193,0.796856496960186,15,495,2
2.9576282254054,1.78180737167366,15,555,4
-0.246501704781028,0.794747652817068,15,495,2
-0.275382894113156,0.792008516500088,15,494,2
0.685286029556409,0.950940575971303,15,512,3
-2.55907600476746,1.01842275508124,15,451,1
-0.50489862549079,0.775058122010723,15,490,2
0.0239932502997427,0.826806445725972,15,500,2
-1.40059295242123,0.79300816372985,15,473,2
-2.61380286299678,1.0351832235913,15,450,1
-1.35739712272071,0.789055150708999,15,474,2
3.99991978323292,2.36269129003047,15,575,4
-0.487691063487545,0.77602923891819,15,490,2
0.733238652211977,0.962288830923804,15,513,3
-0.363674511897672,0.784469938477642,15,493,2
2.16511824882006,1.42710913747021,15,540,4
-0.779822666922254,0.766233552967586,15,485,2
