"Theta","se(Theta)","QuestionsAnswered","ScaleScore","AchievementLevel"
-1.19854972064454,1.02160979465873,31,203,"Below Basic"
0.488273591993516,0.866853979224236,31,257,"Proficient"
2.97479495736338,1.04245416984151,31,336,"Advanced"
-2.1205460710052,1.2139283320697,31,173,"Below Basic"
0.583561984862357,0.86518907644619,31,260,"Proficient"
0.345894268772098,0.870687816240553,31,252,"Proficient"
-0.233786359399741,0.90339413504851,31,234,"Basic"
-3.99993169484426,1.88054080845605,31,113,"Below Basic"
-1.36508540684817,1.05042865730532,31,197,"Below Basic"
0.239805324323768,0.874605207387411,31,249,"Basic"
-1.57815801136773,1.09103992743427,31,191,"Below Basic"
2.34699043060242,0.956720315158828,31,316,"Advanced"
1.80815775111793,0.905021264788418,31,299,"Advanced"
-0.753307669047813,0.956877220885555,31,217,"Basic"
0.791131314317341,0.864025246407223,31,266,"Proficient"
-0.196600598381896,0.900454891290678,31,235,"Basic"
1.63566534056993,0.892779252609729,31,293,"Advanced"
1.69709362042821,0.896896917886943,31,295,"Advanced"
-1.08202073430779,1.00294847156913,31,206,"Below Basic"
1.89656722357593,0.912110843413021,31,301,"Advanced"
-0.739271530210797,0.955123534600542,31,217,"Basic"
-1.36571022192951,1.05054157982829,31,197,"Below Basic"
0.349945854301739,0.87055624843135,31,252,"Proficient"
-1.46692942738435,1.06931214371967,31,194,"Below Basic"
0.424275451235935,0.868376624355786,31,255,"Proficient"
-1.24170636626846,1.02883420968207,31,201,"Below Basic"
0.418267287961233,0.868536352422313,31,254,"Proficient"
-0.521145455806237,0.930089205942894,31,224,"Basic"
-1.91063682840625,1.16298288950425,31,180,"Below Basic"
-0.999830570841689,0.990523896510421,31,209,"Below Basic"
-0.737928453633931,0.954956639059739,31,217,"Basic"
1.53602387665337,0.886672626536993,31,290,"Advanced"
1.03161532479195,0.86681938095856,31,274,"Proficient"
0.00967970462872739,0.886264427982367,31,241,"Basic"
0.729741815351194,0.864020816674732,31,264,"Proficient"
-1.75709335175351,1.12844300844734,31,185,"Below Basic"
-2.07723474233571,1.20305984965747,31,175,"Below Basic"
0.657791257873844,0.864387383547829,31,262,"Proficient"
-2.41264228628335,1.29216896169992,31,164,"Below Basic"
-3.99992572200258,1.88053803622843,31,113,"Below Basic"
1.58177657419404,0.889388436904301,31,291,"Advanced"
1.56493092779044,0.888371058125514,31,291,"Advanced"
-0.208184721674246,0.901357965960044,31,234,"Basic"
0.606297565088368,0.86489763580041,31,260,"Proficient"
-2.68790392538967,1.37398303313761,31,155,"Below Basic"
-0.666917534486464,0.946358343198286,31,220,"Basic"
-0.725564889674421,0.953427754996844,31,218,"Basic"
1.96728260995632,0.918176908092566,31,304,"Advanced"
0.4887297001933,0.866844297641964,31,257,"Proficient"
0.327556183654172,0.871299862117447,31,251,"Proficient"
0.474317476237237,0.867158211251766,31,256,"Proficient"
0.37473268574205,0.869780110212733,31,253,"Proficient"
-3.01677464929707,1.4824130955229,31,145,"Below Basic"
0.734725073013245,0.864010313503639,31,264,"Proficient"
-0.124560024414591,0.895093140654819,31,237,"Basic"
0.822850497587248,0.864141318173695,31,267,"Proficient"
-0.31247877106879,0.910001389092469,31,231,"Basic"
-0.124743924568236,0.895106271020698,31,237,"Basic"
1.79790791186487,0.904234954430539,31,298,"Advanced"
0.224607092703009,0.875241229086275,31,248,"Basic"
1.17417111959606,0.870532855133007,31,278,"Proficient"
-0.283438753985133,0.907501730715589,31,232,"Basic"
1.29241986170969,0.874755930438553,31,282,"Advanced"
1.65565663620632,0.894089837626608,31,294,"Advanced"
-0.268751768997385,0.906264887543327,31,232,"Basic"
-0.785942114129844,0.961021734162356,31,216,"Basic"
0.812599052722824,0.864095350113333,31,267,"Proficient"
0.659754614089147,0.864372031825047,31,262,"Proficient"
1.8237557712977,0.906232079303382,31,299,"Advanced"
-1.50666811359355,1.07694189968276,31,193,"Below Basic"
0.983480115210685,0.865909050959897,31,272,"Proficient"
-1.02183475600229,0.993790694481282,31,208,"Below Basic"
2.63222203294685,0.992268125175601,31,325,"Advanced"
1.50578833061237,0.884960327089288,31,289,"Advanced"
-0.186092220370602,0.89964549881089,31,235,"Basic"
2.20978414697133,0.94163422823081,31,311,"Advanced"
1.75304787629396,0.900880859020424,31,297,"Advanced"
-0.990964270841584,0.989219861500829,31,209,"Below Basic"
1.20431591669171,0.871511555569157,31,279,"Proficient"
-1.09102091814571,1.00434598208653,31,206,"Below Basic"
0.585329734352921,0.865164959612111,31,260,"Proficient"
-0.561673184753299,0.934426671990294,31,223,"Basic"
0.295791144521895,0.872424308162614,31,250,"Proficient"
0.426973382590386,0.868305838472154,31,255,"Proficient"
-1.22744701365263,1.02642839959443,31,202,"Below Basic"
0.119843845269327,0.880139169623382,31,245,"Basic"
-0.964978639704346,0.985438526377003,31,210,"Below Basic"
-1.77791029808369,1.13299258908096,31,184,"Below Basic"
-0.487507015423927,0.926597218006447,31,225,"Basic"
-0.229692969354459,0.903064844615713,31,234,"Basic"
-0.89234125850055,0.975188686759156,31,213,"Below Basic"
0.499837338392389,0.866613620845554,31,257,"Proficient"
-1.43548443276789,1.06337904635137,31,195,"Below Basic"
-1.66293671370561,1.10838235558713,31,188,"Below Basic"
2.63005460465703,0.991976677170948,31,325,"Advanced"
-0.199367278222374,0.900669543841503,31,235,"Basic"
1.58427894813588,0.889541298350979,31,292,"Advanced"
0.550081428746772,0.865692306707872,31,259,"Proficient"
1.33088961207192,0.876351141358221,31,283,"Advanced"
-0.476205432938533,0.925445979635806,31,226,"Basic"
-0.176585983786681,0.898921335402804,31,235,"Basic"
-1.88609766217413,1.15730951329416,31,181,"Below Basic"
-2.59917504084749,1.34673666930364,31,158,"Below Basic"
-3.99992875870883,1.88053944568109,31,113,"Below Basic"
-0.744939668415118,0.955829627428361,31,217,"Basic"
1.30582999237798,0.875299715830004,31,283,"Advanced"
-2.32853569809801,1.26874856852107,31,167,"Below Basic"
-0.49893065741789,0.927772115100575,31,225,"Basic"
-1.71126486556654,1.11857334510932,31,186,"Below Basic"
1.27475589109365,0.874059753770321,31,282,"Proficient"
0.0405649242722451,0.884445803712521,31,242,"Basic"
-0.388167886306101,0.916855148757527,31,229,"Basic"
0.756664923503611,0.863986926001112,31,265,"Proficient"
0.66831377724549,0.86430862013904,31,262,"Proficient"
2.18748584601573,0.939306150437273,31,311,"Advanced"
-0.697558009315231,0.950014115333341,31,219,"Basic"
0.154434963376699,0.87842245496586,31,246,"Basic"
1.47292345635959,0.883173734364347,31,288,"Advanced"
1.21285242209615,0.871800906161531,31,280,"Proficient"
1.99897672434911,0.921009408521846,31,305,"Advanced"
1.051679427103,0.867250256253036,31,275,"Proficient"
1.23113078644273,0.872438538575554,31,280,"Proficient"
0.161397557968778,0.878088792221064,31,246,"Basic"
-0.302465646370097,0.909131372762869,31,231,"Basic"
0.144296306441399,0.878915436974065,31,246,"Basic"
0.0659330635805016,0.883011217056034,31,243,"Basic"
0.129185000748934,0.879665883208996,31,245,"Basic"
-0.0250726371985501,0.888405599437773,31,240,"Basic"
2.10230775981904,0.93073177548064,31,308,"Advanced"
0.619096583538638,0.864751420714697,31,261,"Proficient"
-2.86034873684285,1.42936087290847,31,150,"Below Basic"
-2.22050040807396,1.23972744649004,31,170,"Below Basic"
-0.782206466909175,0.960542550275047,31,216,"Basic"
-1.13557030088809,1.01137123453431,31,205,"Below Basic"
-0.973763755196928,0.986710139494297,31,210,"Below Basic"
0.319968447028501,0.871561045212809,31,251,"Proficient"
2.56846495185789,0.983831496082484,31,323,"Advanced"
-1.64960954213908,1.10561108843858,31,188,"Below Basic"
-2.39259654056585,1.28652080213594,31,165,"Below Basic"
0.468938574101422,0.867279602356538,31,256,"Proficient"
-3.99995551486617,1.88055186429684,31,113,"Below Basic"
0.0333725269744458,0.884862243047611,31,242,"Basic"
-0.945288256757749,0.982613490430106,31,211,"Below Basic"
2.01380091076805,0.922358372674962,31,305,"Advanced"
-0.573816924851438,0.93575413756717,31,223,"Basic"
0.15362988114744,0.878461292830898,31,246,"Basic"
0.355654193492681,0.870373124243808,31,252,"Proficient"
-1.26637721839696,1.033040520267,31,201,"Below Basic"
-1.93943635835422,1.16971611199128,31,179,"Below Basic"
-0.959749858840305,0.984684957667862,31,210,"Below Basic"
1.9006738613588,0.912453518665546,31,302,"Advanced"
-0.234196055067363,0.903427171036002,31,234,"Basic"
-0.206285356193606,0.901209116845197,31,234,"Basic"
-1.92239802021043,1.16572283275542,31,180,"Below Basic"
0.0409518846109036,0.884423520354702,31,242,"Basic"
0.0731276723929856,0.882614052994974,31,243,"Basic"
1.18852201579194,0.870990400657002,31,279,"Proficient"
2.01117514324679,0.922118314254702,31,305,"Advanced"
-2.21566991489164,1.23845752553886,31,170,"Below Basic"
0.736933683907992,0.864006273441145,31,264,"Proficient"
-0.724782920620587,0.953331508518494,31,218,"Basic"
-1.38966803456835,1.05489866915987,31,197,"Below Basic"
-0.456287468541361,0.923443891158632,31,226,"Basic"
0.713504003796001,0.864068393704524,31,264,"Proficient"
-1.36321370329509,1.05009060092806,31,197,"Below Basic"
-0.310689855611629,0.909845326793802,31,231,"Basic"
1.80054568439438,0.904436601038944,31,298,"Advanced"
1.78830147407367,0.903504734888146,31,298,"Advanced"
-0.75837043361406,0.957514026367334,31,217,"Basic"
-0.228571099726816,0.902974844583229,31,234,"Basic"
2.74546757504326,1.00795112572149,31,329,"Advanced"
-2.58422032980358,1.34222695204519,31,159,"Below Basic"
0.999510658605935,0.86619284434559,31,273,"Proficient"
2.18675225572183,0.939230147087642,31,311,"Advanced"
0.389694374188856,0.869335522143812,31,253,"Proficient"
-1.51815164528461,1.0791741907559,31,193,"Below Basic"
-1.11883875781896,1.00871168562071,31,205,"Below Basic"
-1.71771140252636,1.11994954714911,31,186,"Below Basic"
-2.54830990142449,1.33149446168993,31,160,"Below Basic"
1.62774619961298,0.892267967109377,31,293,"Advanced"
-0.185314657993086,0.899585979146136,31,235,"Basic"
1.15704556826605,0.870006805729985,31,278,"Proficient"
0.873698203723596,0.864488328611408,31,269,"Proficient"
0.136930099539333,0.879278907061619,31,245,"Basic"
0.0968125165999912,0.881336797929372,31,244,"Basic"
-0.123314705765156,0.895004300451055,31,237,"Basic"
-1.32740783953325,1.04368575435963,31,199,"Below Basic"
1.96436390697363,0.917919600674517,31,304,"Advanced"
0.250365164095268,0.874174368912313,31,249,"Basic"
-0.00537500733674902,0.887179637705677,31,241,"Basic"
-0.205921954711128,0.901180672673551,31,234,"Basic"
0.219617267562312,0.87545415049672,31,248,"Basic"
-1.23010027044735,1.02687464596881,31,202,"Below Basic"
-1.32775694867337,1.04374763183096,31,199,"Below Basic"
-0.0460931088687439,0.889749584063476,31,240,"Basic"
1.0865724696707,0.868071400299186,31,276,"Proficient"
-1.01587774701823,0.992902010586177,31,209,"Below Basic"
-0.433106178610161,0.921156882392027,31,227,"Basic"
0.209863303014898,0.875876229246338,31,248,"Basic"
-0.0669750878700284,0.891121264686541,31,239,"Basic"
1.04902270455374,0.867191469131435,31,274,"Proficient"
-3.78959352419261,1.78565040535877,31,120,"Below Basic"
1.15687709718648,0.87000173875567,31,278,"Proficient"
1.61070599714178,0.891182966524887,31,292,"Advanced"
1.35269625450214,0.877303384311159,31,284,"Advanced"
0.0756629114055114,0.882475120049446,31,243,"Basic"
-0.0670882689554202,0.891128798624703,31,239,"Basic"
2.9168853655858,1.0333937140478,31,334,"Advanced"
0.592945168046899,0.865063874060562,31,260,"Proficient"
1.5204171522766,0.885780582341561,31,289,"Advanced"
-0.212314112550506,0.901682631252248,31,234,"Basic"
0.630434809000897,0.864632618181921,31,261,"Proficient"
-1.48177272071287,1.07214478879041,31,194,"Below Basic"
0.969969644230928,0.865684927906653,31,272,"Proficient"
-2.15133087190387,1.22176727227595,31,172,"Below Basic"
-1.42678993716577,1.06175477382595,31,195,"Below Basic"
-2.00127808090566,1.18444884957853,31,177,"Below Basic"
-1.17585050208728,1.01787804822718,31,203,"Below Basic"
1.71678029241872,0.898273298910325,31,296,"Advanced"
-3.08849825523826,1.50764992042863,31,142,"Below Basic"
0.990406147077188,0.866029287267751,31,273,"Proficient"
0.903129275431886,0.864779402101659,31,270,"Proficient"
-0.10486511956844,0.893703389106472,31,238,"Basic"
-3.04069082247077,1.49076412638793,31,144,"Below Basic"
0.293894391625052,0.872494033629777,31,250,"Proficient"
0.912892807988155,0.864890530882747,31,270,"Proficient"
-1.75310785657268,1.12757671111195,31,185,"Below Basic"
0.0992816099232136,0.881206312441138,31,244,"Basic"
-3.99992793194871,1.88053906194968,31,113,"Below Basic"
0.324491613556217,0.871404790266038,31,251,"Proficient"
-0.179228326749865,0.899121856952245,31,235,"Basic"
0.157627648146345,0.878268960793703,31,246,"Basic"
-0.356637581173971,0.913940428156868,31,230,"Basic"
0.0521703670397413,0.883782892786152,31,243,"Basic"
0.735446123119045,0.864008953013881,31,264,"Proficient"
-0.437161062167304,0.921553584824919,31,227,"Basic"
0.129955916311917,0.879627144102578,31,245,"Basic"
-0.908120763673189,0.977375319789264,31,212,"Below Basic"
0.894178172505936,0.864683892759737,31,270,"Proficient"
0.576447708153738,0.865288619931686,31,259,"Proficient"
2.06318787827047,0.92696329589892,31,307,"Advanced"
0.17925651940302,0.877251124008581,31,247,"Basic"
-0.758104798194733,0.957480558007924,31,217,"Basic"
0.264750993263091,0.873602022871011,31,249,"Proficient"
1.70321455425263,0.897321912689065,31,295,"Advanced"
0.777833119308628,0.863999609093829,31,266,"Proficient"
-0.435028784253183,0.921344800565641,31,227,"Basic"
-1.80145000316547,1.13818738419563,31,184,"Below Basic"
-0.239720680127782,0.903874042532584,31,233,"Basic"
3.32763102461079,1.10277681256212,31,347,"Advanced"
0.52841219624668,0.866065152327405,31,258,"Proficient"
-0.473918267366161,0.925214340023332,31,226,"Basic"
-0.312228093529393,0.909979503903689,31,231,"Basic"
-1.11977720693675,1.00886018511652,31,205,"Below Basic"
-1.29758681806229,1.03844152295128,31,200,"Below Basic"
0.905341687761088,0.864803948575978,31,270,"Proficient"
0.21191465657121,0.87578681719275,31,248,"Basic"
-0.772630674589766,0.959319858804516,31,216,"Basic"
-1.43304722331585,1.06292302809088,31,195,"Below Basic"
0.731268905078248,0.864017393647599,31,264,"Proficient"
0.176805190413733,0.877364555472509,31,247,"Basic"
0.0267609979590484,0.885248836263212,31,242,"Basic"
1.09834658422525,0.868369015516358,31,276,"Proficient"
-1.47612789639643,1.07106512891393,31,194,"Below Basic"
-0.414206460643138,0.919326539055378,31,228,"Basic"
-0.412093329526447,0.919123803311055,31,228,"Basic"
0.789334520292055,0.864020986626701,31,266,"Proficient"
0.114522518831072,0.880411995649198,31,245,"Basic"
-0.205219358591358,0.901125710749809,31,234,"Basic"
0.224542529024251,0.87524397112525,31,248,"Basic"
1.44883716355985,0.88191382462215,31,287,"Advanced"
-2.63377936895704,1.35726291758122,31,157,"Below Basic"
-0.573130466011358,0.935678756782835,31,223,"Basic"
3.99992284099457,1.24256017455881,31,369,"Advanced"
0.311310707167633,0.871864741087707,31,251,"Proficient"
-1.02001527258176,0.993518920568736,31,208,"Below Basic"
-0.0267202385525385,0.888509610241059,31,240,"Basic"
-2.35404569474491,1.27577516555568,31,166,"Below Basic"
-2.04529985017204,1.19516558020494,31,176,"Below Basic"
2.44726714558981,0.968573249311718,31,319,"Advanced"
-3.2075719613197,1.55083104673033,31,139,"Below Basic"
-1.31916212118521,1.04222751113279,31,199,"Below Basic"
1.9506024132514,0.916714454250614,31,303,"Advanced"
3.20152942939571,1.08020347610922,31,343,"Advanced"
2.65055376393944,0.994746220737,31,326,"Advanced"
-0.114031901198678,0.894346179387991,31,237,"Basic"
-0.927613718658794,0.98010717438226,31,211,"Below Basic"
-1.0230771704359,0.993976443213374,31,208,"Below Basic"
1.52491237470516,0.886035724807763,31,290,"Advanced"
1.25217439220273,0.873203105350508,31,281,"Proficient"
1.60461760730762,0.890800326805821,31,292,"Advanced"
-1.52646503416993,1.08079793692422,31,192,"Below Basic"
1.80249493584981,0.904585928663105,31,298,"Advanced"
-0.425559037797319,0.920422291858728,31,227,"Basic"
-0.661747558771905,0.94574961690644,31,220,"Basic"
-0.312986647898106,0.910045745288546,31,231,"Basic"
0.238755947065922,0.874648517441867,31,249,"Basic"
0.494221069380839,0.866729031973116,31,257,"Proficient"
0.162206370837288,0.878050289951409,31,246,"Basic"
-0.782465545018881,0.960575743313388,31,216,"Basic"
-1.9954998209528,1.18305636939937,31,177,"Below Basic"
1.20470735142126,0.871524705839633,31,279,"Proficient"
-2.01303737835913,1.18729283251243,31,177,"Below Basic"
0.281886104014778,0.872942227527709,31,250,"Proficient"
-1.54919179487057,1.08526991326748,31,192,"Below Basic"
-0.348010477487397,0.913157766798036,31,230,"Basic"
0.161407310380547,0.87808832765322,31,246,"Basic"
0.458450072749681,0.867522931190837,31,256,"Proficient"
1.55696954826184,0.887897309692339,31,291,"Advanced"
-2.02913846683532,1.19120899629553,31,176,"Below Basic"
0.708278044430374,0.864088056432306,31,264,"Proficient"
3.48158543034058,1.13187991055177,31,352,"Advanced"
-0.894619232116624,0.975502986037651,31,212,"Below Basic"
0.197533200445877,0.87642090086601,31,247,"Basic"
-1.66341070675014,1.10848122856201,31,188,"Below Basic"
1.26784921832299,0.873793768789975,31,281,"Proficient"
-1.02515378776427,0.994287220131586,31,208,"Below Basic"
-1.04463662809236,0.997221812209169,31,208,"Below Basic"
-1.14807126866438,1.0133748704787,31,204,"Below Basic"
0.74261090146932,0.863997621129764,31,265,"Proficient"
0.22309291490326,0.875305626159829,31,248,"Basic"
0.0216514137160562,0.885550092786661,31,242,"Basic"
0.465905649864388,0.867349064633414,31,256,"Proficient"
2.96704694230967,1.04122827347847,31,336,"Advanced"
-2.22403171377105,1.24065730777529,31,170,"Below Basic"
0.613912909374575,0.864809090815544,31,261,"Proficient"
1.05178298971632,0.867252558566195,31,275,"Proficient"
1.0382537441704,0.8669585973162,31,274,"Proficient"
0.527609469861771,0.86607967723046,31,258,"Proficient"
-0.604936863018116,0.93921454730032,31,222,"Basic"
-0.361143136752894,0.914351711236875,31,229,"Basic"
-0.569576150051795,0.935289109241034,31,223,"Basic"
1.7461912780468,0.900380743105227,31,297,"Advanced"
2.92166952920415,1.03413331494006,31,334,"Advanced"
0.3516431456381,0.870501525012346,31,252,"Proficient"
0.100618701166842,0.881135860366021,31,244,"Basic"
0.731240927551729,0.864017454735807,31,264,"Proficient"
1.45511117013674,0.882237971258519,31,287,"Advanced"
1.8803283673671,0.910767411705688,31,301,"Advanced"
1.01133056995059,0.866414497172096,31,273,"Proficient"
-0.135955173756498,0.8959121213032,31,237,"Basic"
0.395855533251207,0.869157664873974,31,254,"Proficient"
-2.66994826677334,1.36840145675199,31,156,"Below Basic"
-2.02127317560931,1.18929277562507,31,177,"Below Basic"
1.11451052188002,0.868794433198449,31,277,"Proficient"
0.0735790460405978,0.882589278509769,31,243,"Basic"
0.0970997844670446,0.881321590678734,31,244,"Basic"
-0.16346810770683,0.897934576397846,31,236,"Basic"
1.43022579892477,0.880969010300365,31,287,"Advanced"
-0.0530596217453559,0.890203142724129,31,239,"Basic"
-0.615060038229232,0.940358399169873,31,221,"Basic"
0.749913524328357,0.863990158062627,31,265,"Proficient"
0.460288811662201,0.867479639862276,31,256,"Proficient"
0.377161042062418,0.869706729319377,31,253,"Proficient"
2.3136610811021,0.952935377323959,31,315,"Advanced"
0.206283830824236,0.876033070023389,31,248,"Basic"
-3.34809327009213,1.60387816224761,31,134,"Below Basic"
1.852217624505,0.908485657227604,31,300,"Advanced"
-0.700557864064685,0.950376459954127,31,219,"Basic"
-2.14362546207078,1.21979629259658,31,173,"Below Basic"
0.451213139880864,0.86769593485774,31,255,"Proficient"
-1.21863205551102,1.02495044059376,31,202,"Below Basic"
-2.14778952581581,1.2208606866607,31,172,"Below Basic"
2.22226347196301,0.942952244062925,31,312,"Advanced"
0.028616479827924,0.885139975213249,31,242,"Basic"
1.30569658689487,0.875294241381401,31,283,"Advanced"
3.62681277186099,1.16090270654283,31,357,"Advanced"
2.05652453542134,0.926332051423812,31,307,"Advanced"
1.30041187322005,0.875078424516776,31,282,"Advanced"
0.445389893051858,0.867838175342685,31,255,"Proficient"
0.949480768017699,0.86537136584896,31,271,"Proficient"
-1.76306078909443,1.12974295210572,31,185,"Below Basic"
0.925679730064092,0.865047028962108,31,271,"Proficient"
-1.18033411455569,1.01861143860307,31,203,"Below Basic"
-1.00703405362571,0.991588559317597,31,209,"Below Basic"
-1.66377783839004,1.108557825349,31,188,"Below Basic"
-0.904367763972804,0.976853240883168,31,212,"Below Basic"
0.302032249726018,0.872196938472272,31,251,"Proficient"
1.53988846753879,0.886896219330438,31,290,"Advanced"
-3.05501208488146,1.49579550384879,31,144,"Below Basic"
1.1443791030643,0.869631719401165,31,277,"Proficient"
-1.05162280206507,0.998282418616954,31,207,"Below Basic"
0.752279140980205,0.863988624679033,31,265,"Proficient"
2.84256170722739,1.02210983227842,31,332,"Advanced"
1.06674362958431,0.867593590766577,31,275,"Proficient"
1.60794240133433,0.891008953485134,31,292,"Advanced"
1.24561752774471,0.872961383887052,31,281,"Proficient"
-1.64599179825839,1.10486171706322,31,188,"Below Basic"
-0.0263789496518431,0.888488046551601,31,240,"Basic"
-0.591111363673471,0.937666793488695,31,222,"Basic"
1.39659292939418,0.879325240300087,31,286,"Advanced"
1.42717326637322,0.880816439383081,31,287,"Advanced"
-0.900091128234648,0.976259848465601,31,212,"Below Basic"
-2.52074645270142,1.32334883347291,31,161,"Below Basic"
0.326052724314279,0.871351244476906,31,251,"Proficient"
-1.15447968445695,1.01440749616426,31,204,"Below Basic"
-0.80991178192809,0.964125745937303,31,215,"Basic"
1.73162955921096,0.899329662435053,31,296,"Advanced"
-0.596854551615003,0.93830771589178,31,222,"Basic"
1.29647633234409,0.874919032942275,31,282,"Advanced"
-1.25114259136256,1.03043648540632,31,201,"Below Basic"
0.504135606255279,0.866526984562116,31,257,"Proficient"
2.41364455305655,0.964521148926923,31,318,"Advanced"
0.157948923643483,0.878253561201655,31,246,"Basic"
1.35440847341308,0.877379620484001,31,284,"Advanced"
0.342345365517549,0.870804147106331,31,252,"Proficient"
0.427394939386337,0.868294830606622,31,255,"Proficient"
0.964037284579338,0.865590873514597,31,272,"Proficient"
0.735943718299023,0.86400803761754,31,264,"Proficient"
1.02543374357154,0.866692720451843,31,274,"Proficient"
1.71858254967902,0.898400676357621,31,296,"Advanced"
0.386504045780823,0.869428815650367,31,253,"Proficient"
0.935602857010131,0.865177030956808,31,271,"Proficient"
-0.032991523015462,0.8889075791021,31,240,"Basic"
2.41517637139214,0.96470405211584,31,318,"Advanced"
0.385665912008776,0.869453460340984,31,253,"Proficient"
-0.869855736745254,0.972111053527219,31,213,"Below Basic"
-0.258455238063332,0.905408723508174,31,233,"Basic"
1.8461489428197,0.908000359634519,31,300,"Advanced"
-1.56864231926824,1.08913571977557,31,191,"Below Basic"
-0.617048579741316,0.940584141958449,31,221,"Basic"
-3.19694986027108,1.54691347217663,31,139,"Below Basic"
-0.418751242105127,0.91976387100896,31,228,"Basic"
2.16741430223767,0.937240155295952,31,310,"Advanced"
-2.14915600568915,1.22121035697911,31,172,"Below Basic"
-0.0762090209916903,0.891739449887127,31,239,"Basic"
-0.205922974552595,0.90118075248297,31,234,"Basic"
0.767190686549288,0.86398891049295,31,265,"Proficient"
3.99992284099457,1.24256017455881,31,369,"Advanced"
0.326872273354179,0.871323212871516,31,251,"Proficient"
1.76090369495105,0.901457946980841,31,297,"Advanced"
-0.598002451459381,0.938436162728973,31,222,"Basic"
0.657158218399832,0.864392397504758,31,262,"Proficient"
1.30029482682414,0.875073667715666,31,282,"Advanced"
-1.46332261630336,1.06862693241953,31,194,"Below Basic"
1.42035587959598,0.880478130487344,31,286,"Advanced"
1.11290796443107,0.868751386116428,31,276,"Proficient"
1.71198924425384,0.897935804020305,31,296,"Advanced"
3.27659590053065,1.09350442570674,31,346,"Advanced"
1.94079597002567,0.915863765834584,31,303,"Advanced"
-0.535900156656641,0.931651818180033,31,224,"Basic"
2.30781999984224,0.952280002659302,31,315,"Advanced"
-0.247971719363251,0.904546270253412,31,233,"Basic"
-0.643000479983363,0.943561910889675,31,220,"Basic"
1.7974484567882,0.904199881249783,31,298,"Advanced"
-0.480515075759385,0.925883680083918,31,226,"Basic"
-1.45191977578403,1.06646862191235,31,195,"Below Basic"
0.344402794507227,0.870736582194952,31,252,"Proficient"
2.1668736706783,0.93718489516563,31,310,"Advanced"
0.452355375788441,0.867668351487462,31,255,"Proficient"
-3.99993495329998,1.88054232083368,31,113,"Below Basic"
-2.47183415147303,1.30909034423492,31,162,"Below Basic"
1.78492000140989,0.903249247895531,31,298,"Advanced"
-0.786091157146514,0.961040877973831,31,216,"Basic"
0.515235390394424,0.866310032115492,31,257,"Proficient"
-1.20078478986506,1.02197977554739,31,203,"Below Basic"
0.959892311981763,0.86552673616092,31,272,"Proficient"
-1.8607953458524,1.15152097982975,31,182,"Below Basic"
0.529351033620792,0.866048229242905,31,258,"Proficient"
0.301756304323269,0.872206924819215,31,251,"Proficient"
-1.50388098294502,1.07640196742712,31,193,"Below Basic"
0.0920902047751845,0.881587761445948,31,244,"Basic"
-1.75153465089256,1.1272351740592,31,185,"Below Basic"
1.211459710598,0.87175333213778,31,280,"Proficient"
-1.47474844549898,1.07080173937113,31,194,"Below Basic"
2.33923726347165,0.955832963875558,31,316,"Advanced"
1.16054460422362,0.870112519376357,31,278,"Proficient"
1.13261041258175,0.869293895666462,31,277,"Proficient"
-1.0943701350553,1.00486790160569,31,206,"Below Basic"
0.0799054742787796,0.882243812903514,31,244,"Basic"
0.558179646869123,0.865562485399957,31,259,"Proficient"
1.98438387258964,0.919696511867424,31,304,"Advanced"
-2.92182376284626,1.4498873269956,31,148,"Below Basic"
-2.36385806848785,1.27849573622717,31,166,"Below Basic"
0.035392647497224,0.884744844851413,31,242,"Basic"
-0.668311614920311,0.94652288655939,31,220,"Basic"
-0.563322073077821,0.934606164008059,31,223,"Basic"
-2.91367380968829,1.44714212315863,31,148,"Below Basic"
-1.80291071730177,1.13851149473549,31,183,"Below Basic"
-2.62474459605705,1.35450235806535,31,157,"Below Basic"
0.797697090565336,0.864042925183888,31,266,"Proficient"
-0.361067262548055,0.914344770774504,31,229,"Basic"
0.955069439548206,0.865453745071912,31,271,"Proficient"
0.671871862042419,0.864283940691018,31,262,"Proficient"
-0.166038558864582,0.898126787968469,31,236,"Basic"
1.8762266083095,0.910431007667275,31,301,"Advanced"
-1.00807832756419,0.991743287677567,31,209,"Below Basic"
-1.48837430662259,1.07341121491605,31,194,"Below Basic"
-0.0507990804520349,0.890055524414961,31,239,"Basic"
1.3458610855079,0.877001178385058,31,284,"Advanced"
-1.18400366575004,1.01921303210748,31,203,"Below Basic"
-1.00835551350983,0.991784374301799,31,209,"Below Basic"
-0.185571375849448,0.899605624344704,31,235,"Basic"
-1.15084184780836,1.01382085298437,31,204,"Below Basic"
1.46469526497233,0.882738622601661,31,288,"Advanced"
-0.17092307859318,0.898493575923981,31,236,"Basic"
1.07992454267878,0.867907932380501,31,275,"Proficient"
-0.865004308427788,0.971452924502155,31,213,"Below Basic"
1.87349775151029,0.910207856960112,31,301,"Advanced"
-0.393967523975251,0.917400565377932,31,228,"Basic"
-0.685801089760868,0.948601640864952,31,219,"Basic"
1.43958574336595,0.881441040618773,31,287,"Advanced"
-0.835883156290864,0.967546355963645,31,214,"Basic"
-1.75330419100589,1.12761935122181,31,185,"Below Basic"
1.11012254948003,0.868677020943175,31,276,"Proficient"
-3.00314038008538,1.47768092434059,31,145,"Below Basic"
0.43695293480267,0.868049059049744,31,255,"Proficient"
-0.594489000018414,0.938043379358324,31,222,"Basic"
-1.1786339040314,1.01833311781609,31,203,"Below Basic"
0.907914753745796,0.864832964764255,31,270,"Proficient"
-3.99992526901747,1.88053782598064,31,113,"Below Basic"
-2.56935151518173,1.33776660958576,31,159,"Below Basic"
0.973950925322076,0.865749540257292,31,272,"Proficient"
1.10475044451268,0.86853522889113,31,276,"Proficient"
-1.86647386520601,1.1528146761583,31,181,"Below Basic"
0.180858175614434,0.877177275609373,31,247,"Basic"
-2.72464324154314,1.38551144430836,31,154,"Below Basic"
-1.84475237859823,1.14788290583462,31,182,"Below Basic"
-0.728683488577336,0.953812134014986,31,218,"Basic"
-1.11143830230136,1.00754343487638,31,206,"Below Basic"
-1.40079345788925,1.05694004384935,31,196,"Below Basic"
3.43039737583334,1.12201424900757,31,350,"Advanced"
0.70788291258348,0.864089629332505,31,264,"Proficient"
0.654331617140517,0.864415167163068,31,262,"Proficient"
0.35638004374113,0.870350026897635,31,252,"Proficient"
0.28857185895641,0.872691248471281,31,250,"Proficient"
-0.648683876544425,0.9442218915571,31,220,"Basic"
-0.684144137797062,0.9484035498513,31,219,"Basic"
-3.08451786649399,1.50623421276654,31,143,"Below Basic"
-1.6054935334362,1.09655754095898,31,190,"Below Basic"
-1.64420341022327,1.10449173245854,31,189,"Below Basic"
-0.847318493791497,0.969071421051126,31,214,"Below Basic"
-0.731656233540982,0.95417933249254,31,218,"Basic"
0.876788238260271,0.86451578676056,31,269,"Proficient"
-0.549070180509096,0.933062560492453,31,223,"Basic"
0.699448523250769,0.864126096165537,31,263,"Proficient"
2.40602231603681,0.963613456784148,31,318,"Advanced"
1.25156322855852,0.873180440967001,31,281,"Proficient"
-0.594053504164998,0.937994768401269,31,222,"Basic"
-0.138009878566205,0.89606095777702,31,237,"Basic"
-0.480302549330975,0.925862057625678,31,226,"Basic"
1.50997161321913,0.885193317414549,31,289,"Advanced"
-0.769050611568076,0.958864814474558,31,216,"Basic"
-0.0406245986669416,0.889396394370417,31,240,"Basic"
-1.46714161925342,1.06935249304412,31,194,"Below Basic"
-0.59463895311235,0.93806012126112,31,222,"Basic"
-1.19071473723014,1.02031642694252,31,203,"Below Basic"
-0.0798540025754503,0.891985436526886,31,238,"Basic"
-0.427332481954551,0.920594466757825,31,227,"Basic"
-1.29154732345837,1.03738938337558,31,200,"Below Basic"
1.65891898633771,0.894306411381677,31,294,"Advanced"
1.30024806895036,0.875071767741747,31,282,"Advanced"
1.5311552360719,0.886392468856548,31,290,"Advanced"
0.126285870156861,0.879812004424372,31,245,"Basic"
-1.11869772571409,1.0086893756933,31,205,"Below Basic"
-0.902771598527572,0.976631578966826,31,212,"Below Basic"
-1.78571077047671,1.13470811203752,31,184,"Below Basic"
-2.85185195846539,1.4265564751518,31,150,"Below Basic"
-0.901204542470373,0.976414180257865,31,212,"Below Basic"
0.966268087371558,0.865625929626145,31,272,"Proficient"
-0.110260521277538,0.89408086928212,31,237,"Basic"
-1.91345541974563,1.16363829309152,31,180,"Below Basic"
0.331546718973427,0.871164366069781,31,252,"Proficient"
0.191794960119472,0.87667861922243,31,247,"Basic"
-0.362765960786168,0.91450027436884,31,229,"Basic"
-0.365320265668173,0.914734568025562,31,229,"Basic"
0.0410608788930579,0.884417246090542,31,242,"Basic"
-0.156863068373707,0.897443225083149,31,236,"Basic"
-0.30327001505181,0.909200946438416,31,231,"Basic"
-0.0968554166645373,0.893147510803266,31,238,"Basic"
0.0513767349798764,0.883827870089089,31,243,"Basic"
-0.559582730059798,0.934199452455465,31,223,"Basic"
-0.548527578161581,0.933004140713004,31,223,"Basic"
1.10926700142836,0.868654295510417,31,276,"Proficient"
1.50428029711765,0.884876645043516,31,289,"Advanced"
-1.33862485024829,1.04567951224038,31,198,"Below Basic"
-0.108663537658334,0.893968884305529,31,238,"Basic"
-0.428229834205546,0.920681689409949,31,227,"Basic"
-0.0790766357735231,0.891932881476534,31,238,"Basic"
0.431118691771107,0.868198211262988,31,255,"Proficient"
1.21443345075644,0.871855086398948,31,280,"Proficient"
0.687645645621216,0.864186409616158,31,263,"Proficient"
-0.914003503886223,0.978196191767117,31,212,"Below Basic"
-3.49335335060734,1.66112777872124,31,130,"Below Basic"
2.26042084100063,0.947049463627404,31,313,"Advanced"
-0.698243381880622,0.95009683006724,31,219,"Basic"
-0.680628179763825,0.947984009438283,31,219,"Basic"
0.0715298422551133,0.882701888245754,31,243,"Basic"
-1.02593976497844,0.994404946922802,31,208,"Below Basic"
1.245982044913,0.872974738964421,31,281,"Proficient"
2.48053161685673,0.97265946841748,31,320,"Advanced"
-1.55077198015019,1.08558265005297,31,192,"Below Basic"
-0.400811339442034,0.91804789578758,31,228,"Basic"
0.99175981903809,0.866053209736102,31,273,"Proficient"
1.31989899303557,0.875884359120749,31,283,"Advanced"
-0.495255595725801,0.927392911014579,31,225,"Basic"
1.26037079174212,0.873509713224993,31,281,"Proficient"
-0.757475132411294,0.957401249005167,31,217,"Basic"
-2.02835175206574,1.19101705401982,31,176,"Below Basic"
-1.60117200975947,1.09568056271411,31,190,"Below Basic"
-0.553342685906721,0.933523457274916,31,223,"Basic"
-1.65996617575806,1.10776319930464,31,188,"Below Basic"
-0.484814615679489,0.926321954155309,31,226,"Basic"
0.749428423824811,0.863990525952564,31,265,"Proficient"
0.0499250110038442,0.88391027827905,31,243,"Basic"
-1.15444131161902,1.01440130183454,31,204,"Below Basic"
0.881152086862116,0.86455580477652,31,269,"Proficient"
0.740786806566118,0.864000129172083,31,265,"Proficient"
-3.98707819855537,1.87458528138018,31,114,"Below Basic"
-0.511385345591571,0.929065923218099,31,225,"Basic"
-0.991037809746075,0.98923064844818,31,209,"Below Basic"
-1.32669262866361,1.04355902260863,31,199,"Below Basic"
-0.45014163389181,0.922833044803754,31,227,"Basic"
0.362232437824457,0.870165346576247,31,253,"Proficient"
-0.21558037751273,0.90194045789311,31,234,"Basic"
0.711391167599343,0.864076087993609,31,264,"Proficient"
3.99992284099457,1.24256017455881,31,369,"Advanced"
-0.582531823255973,0.93671469530978,31,222,"Basic"
2.73847655258485,1.00695707115969,31,328,"Advanced"
-1.04525147654002,0.997314979164526,31,208,"Below Basic"
1.20470400432097,0.871524593345667,31,279,"Proficient"
2.37931751640807,0.960465159448709,31,317,"Advanced"
-3.83252114889472,1.80457457038221,31,119,"Below Basic"
0.607358817334686,0.864885023591655,31,260,"Proficient"
-0.470218869520911,0.924840628939701,31,226,"Basic"
-0.947362343621261,0.982909432704391,31,211,"Below Basic"
1.1404421095612,0.86951756141502,31,277,"Proficient"
0.309870108762892,0.871915862323953,31,251,"Proficient"
-0.363454397998775,0.914563366245576,31,229,"Basic"
-1.70217994510624,1.11664063175844,31,187,"Below Basic"
1.9065012016914,0.912941809588404,31,302,"Advanced"
-0.878481786777647,0.973286400959834,31,213,"Below Basic"
-0.479730203960772,0.92580384656887,31,226,"Basic"
0.472962498229365,0.867188573492585,31,256,"Proficient"
-0.133378271277677,0.895725960756492,31,237,"Basic"
1.6048484390084,0.890814785700337,31,292,"Advanced"
-0.204481505877288,0.901068035795074,31,234,"Basic"
-0.497467690628984,0.92762102169097,31,225,"Basic"
-0.798497177055569,0.962641248626058,31,216,"Basic"
1.79139117537677,0.903738883195592,31,298,"Advanced"
-3.9999242581637,1.88053735680467,31,113,"Below Basic"
0.231514199508407,0.874949844781475,31,248,"Basic"
2.26255264136648,0.947281355803403,31,313,"Advanced"
-1.54013656233886,1.08348229793408,31,192,"Below Basic"
0.973516130164874,0.865742425708633,31,272,"Proficient"
-0.732209946852715,0.954247813998914,31,218,"Basic"
-1.372765996935,1.05181926871742,31,197,"Below Basic"
0.480034936095278,0.867031702959514,31,256,"Proficient"
0.715817297357664,0.8640603666905,31,264,"Proficient"
1.83053329652295,0.90676353892248,31,299,"Advanced"
0.692990615901555,0.864157754348248,31,263,"Proficient"
-3.22743492105311,1.55819142180728,31,138,"Below Basic"
-3.70787910508913,1.75024757127437,31,123,"Below Basic"
0.947230183775937,0.865338859233823,31,271,"Proficient"
0.71213645125733,0.864073334352121,31,264,"Proficient"
1.32367894492361,0.876043902073873,31,283,"Advanced"
-1.47573919206327,1.07099089254935,31,194,"Below Basic"
0.403839148689764,0.868931724863377,31,254,"Proficient"
0.184540831534071,0.877008274005116,31,247,"Basic"
2.67278899249207,0.997783396574238,31,326,"Advanced"
-0.537233880657287,0.931793998381341,31,224,"Basic"
1.15516550632649,0.869950379904568,31,278,"Proficient"
1.38742363318415,0.878891334364889,31,285,"Advanced"
-0.58050007675808,0.936490164841267,31,222,"Basic"
-0.619228823547942,0.940832043794003,31,221,"Basic"
-0.560289408872685,0.934276221579419,31,223,"Basic"
-2.55244904129662,1.33272457890138,31,160,"Below Basic"
-1.08142698983433,1.00285653451827,31,206,"Below Basic"
-1.2057408015604,1.0228017891235,31,203,"Below Basic"
0.162017319802319,0.878059284625225,31,246,"Basic"
1.17212460594614,0.870468848673546,31,278,"Proficient"
0.511319172827436,0.866385462260554,31,257,"Proficient"
-1.60150046979634,1.09574715610425,31,190,"Below Basic"
0.884050355228766,0.864583185447461,31,269,"Proficient"
1.19475847989957,0.871193984404584,31,279,"Proficient"
-0.57440461781948,0.935818705343854,31,223,"Basic"
-1.65446506860249,1.10661880135613,31,188,"Below Basic"
0.450756636431398,0.867706987861994,31,255,"Proficient"
-1.38117350533471,1.05334774046999,31,197,"Below Basic"
-0.0965708562607576,0.893127861172252,31,238,"Basic"
0.439214429991122,0.867991975069034,31,255,"Proficient"
2.99666890524273,1.04593786646868,31,337,"Advanced"
1.96254955417553,0.917759951493228,31,304,"Advanced"
-2.22897476210557,1.24196102673166,31,170,"Below Basic"
0.69434417382779,0.864150850308365,31,263,"Proficient"
-0.384041060588836,0.916468807235014,31,229,"Basic"
-2.15069382092637,1.22160409432493,31,172,"Below Basic"
-0.0315084998325795,0.88881317183961,31,240,"Basic"
-2.82935759200859,1.419170271805,31,151,"Below Basic"
-2.04160585551778,1.19425894952271,31,176,"Below Basic"
-1.31719465306837,1.04188049137106,31,199,"Below Basic"
-3.76326821118822,1.77415638448818,31,121,"Below Basic"
1.02249820973834,0.866633576775743,31,274,"Proficient"
1.85472643513096,0.908687038157079,31,300,"Advanced"
1.78784079277618,0.903469880615402,31,298,"Advanced"
-0.499324825712222,0.927812855994342,31,225,"Basic"
-0.730158806050449,0.953994270536215,31,218,"Basic"
-0.0384451973302681,0.889256331353909,31,240,"Basic"
0.276451638264515,0.873148904286043,31,250,"Proficient"
0.0922364468890197,0.881579961911111,31,244,"Basic"
-1.85722369924379,1.15070887830447,31,182,"Below Basic"
1.65087206747281,0.893773580664984,31,294,"Advanced"
-1.65758078550516,1.10726661290754,31,188,"Below Basic"
0.0195267964215078,0.885675996555492,31,242,"Basic"
2.45311004213357,0.969285427592944,31,319,"Advanced"
-1.27795335167636,1.03503342049881,31,200,"Below Basic"
-1.39480063373108,1.05583901276162,31,196,"Below Basic"
-0.480334415008069,0.925865299393783,31,226,"Basic"
-0.442431871812354,0.922071362898169,31,227,"Basic"
0.939407552935227,0.865228856606646,31,271,"Proficient"
-0.977675520076956,0.987278575941476,31,210,"Below Basic"
-1.25141530146507,1.03048291274843,31,201,"Below Basic"
0.679277960539057,0.864235734837716,31,263,"Proficient"
1.12147524997535,0.868983737740578,31,277,"Proficient"
0.142425179729639,0.879007341380463,31,246,"Basic"
-1.74191875382264,1.12515275031369,31,185,"Below Basic"
2.96117557004902,1.04030211146524,31,335,"Advanced"
-0.0296693667351254,0.888696350001741,31,240,"Basic"
2.9220955684282,1.03419925573739,31,334,"Advanced"
-0.686650558233187,0.94870328942326,31,219,"Basic"
-0.77241097925127,0.95929190183175,31,216,"Basic"
-0.172482796802697,0.898611122353559,31,235,"Basic"
-0.621085943177962,0.941043532475577,31,221,"Basic"
0.819222875619766,0.864124129529562,31,267,"Proficient"
0.595945536109257,0.865025299554706,31,260,"Proficient"
-0.0100972259229267,0.8874705983281,31,241,"Basic"
-0.0186528501072734,0.888002486362352,31,240,"Basic"
1.50518353569262,0.884926746857505,31,289,"Advanced"
-1.23108312293291,1.02704011323484,31,202,"Below Basic"
-0.938919181297641,0.98170711704595,31,211,"Below Basic"
-0.9885367924844,0.988864062442021,31,209,"Below Basic"
2.35201784538589,0.957297935480717,31,316,"Advanced"
-1.33041332981983,1.04421882661344,31,199,"Below Basic"
-0.551427443150577,0.93331665423395,31,223,"Basic"
-0.0462813134244175,0.889761783924762,31,240,"Basic"
-0.735616098473847,0.954669669501313,31,218,"Basic"
-2.83678792435452,1.42160395970913,31,150,"Below Basic"
0.1884519290146,0.876830004244042,31,247,"Basic"
-1.34058055407537,1.04602831330773,31,198,"Below Basic"
-1.13136225523809,1.01069996170205,31,205,"Below Basic"
1.06291241959384,0.867504660911835,31,275,"Proficient"
-2.85621131263488,1.42799431013787,31,150,"Below Basic"
-0.0671453619969328,0.891132599449603,31,239,"Basic"
1.82813151934956,0.906574833193764,31,299,"Advanced"
1.07688364934626,0.86783425966183,31,275,"Proficient"
1.72866998674211,0.899117874007128,31,296,"Advanced"
-0.682639317743379,0.94822385505744,31,219,"Basic"
-0.0614474141253229,0.890754617772159,31,239,"Basic"
2.70754610889944,1.00259997246034,31,327,"Advanced"
-1.08884632318126,1.00400765016752,31,206,"Below Basic"
1.51609295810376,0.885536517659991,31,289,"Advanced"
2.63639712563597,0.992830459753554,31,325,"Advanced"
-0.352433509246972,0.913558233597745,31,230,"Basic"
0.268647318566645,0.873449899724783,31,250,"Proficient"
0.353469214393712,0.870442908674887,31,252,"Proficient"
0.99079988887435,0.866036231333333,31,273,"Proficient"
0.349306599322604,0.870576919199266,31,252,"Proficient"
-0.241526887463424,0.904020703490776,31,233,"Basic"
-0.157219856398464,0.897469672672396,31,236,"Basic"
-0.327070263956377,0.911284533482417,31,231,"Basic"
-0.734380430169093,0.954516512650726,31,218,"Basic"
-0.824826619793693,0.966082831150407,31,215,"Basic"
0.96861031666663,0.865663141581809,31,272,"Proficient"
-1.37776737326396,1.05272772385654,31,197,"Below Basic"
-0.0297540466465471,0.888701722676875,31,240,"Basic"
-0.0616059885080545,0.890765100288148,31,239,"Basic"
-1.7132330990991,1.11899310167922,31,186,"Below Basic"
0.687264883766089,0.864188535749404,31,263,"Proficient"
0.852432186670605,0.86431913432472,31,268,"Proficient"
1.71297716835869,0.898005262918105,31,296,"Advanced"
-2.30999941315826,1.26368468677448,31,167,"Below Basic"
1.01505297889619,0.866486478856169,31,273,"Proficient"
-0.71064165856276,0.951600247906874,31,218,"Basic"
-3.07210904800525,1.50183221863402,31,143,"Below Basic"
-0.848630471152039,0.969247133558369,31,214,"Below Basic"
2.35077741417941,0.95715525408206,31,316,"Advanced"
0.496383405393727,0.866684300822837,31,257,"Proficient"
-0.548337509549482,0.932983682849481,31,223,"Basic"
0.111062515596603,0.880590642341087,31,245,"Basic"
0.151194306382374,0.878579110990459,31,246,"Basic"
-0.927665300979664,0.98011444837898,31,211,"Below Basic"
1.84939001627643,0.908259217706444,31,300,"Advanced"
0.578482991502111,0.865259735360192,31,259,"Proficient"
0.524474233755476,0.866136896087268,31,258,"Proficient"
0.535595252122601,0.865937447254992,31,258,"Proficient"
0.123868489318806,0.879934373352078,31,245,"Basic"
-0.257739324913137,0.905349529977076,31,233,"Basic"
-1.06571592941187,1.00043534377511,31,207,"Below Basic"
-0.679600237699642,0.947861555398759,31,219,"Basic"
-0.840339476905916,0.968139290861636,31,214,"Basic"
-0.767954539245734,0.958725724175637,31,216,"Basic"
1.66465996502668,0.89468937026809,31,294,"Advanced"
-1.92079594731292,1.16534881250036,31,180,"Below Basic"
-1.93054906400945,1.16762965688059,31,179,"Below Basic"
3.36409657861629,1.1095162569225,31,348,"Advanced"
-2.2178085939345,1.23901948639527,31,170,"Below Basic"
2.2199666203278,0.942708846390308,31,312,"Advanced"
0.718564442272678,0.864051373497005,31,264,"Proficient"
-0.886061269761134,0.974324608007734,31,213,"Below Basic"
0.976277523918153,0.865787852980033,31,272,"Proficient"
-1.44035457141513,1.06429193503656,31,195,"Below Basic"
0.520677299457645,0.866207232675506,31,258,"Proficient"
0.680567471720264,0.864227778218773,31,263,"Proficient"
-1.99438035953229,1.18278697477831,31,177,"Below Basic"
-1.32460238464858,1.04318891172756,31,199,"Below Basic"
-2.67838490682847,1.3710197118101,31,156,"Below Basic"
-0.876868319513266,0.973066054181896,31,213,"Below Basic"
-0.174813590581236,0.898787162829303,31,235,"Basic"
0.28843206970306,0.872696458989373,31,250,"Proficient"
0.182863166916926,0.877085126430196,31,247,"Basic"
0.859109059068915,0.864368534590618,31,268,"Proficient"
0.296584955418806,0.872395213803931,31,250,"Proficient"
0.068287861757945,0.8828807538051,31,243,"Basic"
-1.80628608268601,1.13926122374572,31,183,"Below Basic"
0.854602798435102,0.864334820118783,31,268,"Proficient"
0.624694076507978,0.864691511450688,31,261,"Proficient"
0.308254646793,0.871973388403352,31,251,"Proficient"
-2.04687661549243,1.19555298276834,31,176,"Below Basic"
-0.429840659847806,0.920838435630527,31,227,"Basic"
-1.56475014469774,1.08835930180945,31,191,"Below Basic"
-0.206731804482093,0.901244076562709,31,234,"Basic"
0.307462289241243,0.872001681149751,31,251,"Proficient"
-0.353238626342808,0.913631310082822,31,230,"Basic"
0.291508422494701,0.872582156708046,31,250,"Proficient"
1.0820144284325,0.867958965394847,31,275,"Proficient"
-0.0222956209060171,0.888230802551698,31,240,"Basic"
-1.57427371310416,1.09026160227133,31,191,"Below Basic"
0.167391698445317,0.877804724881784,31,246,"Basic"
3.99992284099457,1.24256017455881,31,369,"Advanced"
1.68680502348576,0.896188544087864,31,295,"Advanced"
-0.617600514868279,0.940646859812439,31,221,"Basic"
-2.64374447494222,1.360317824894,31,157,"Below Basic"
-0.958949427401878,0.984569815794907,31,210,"Below Basic"
0.341367413258046,0.870836382193185,31,252,"Proficient"
-2.9544451020474,1.46094895133556,31,147,"Below Basic"
0.0909999833412677,0.881645961889681,31,244,"Basic"
0.864245521562778,0.864408856776974,31,269,"Proficient"
0.579864971603912,0.865240308256906,31,259,"Proficient"
0.800059177503653,0.864050096447681,31,267,"Proficient"
-2.25916970576716,1.24997862473623,31,169,"Below Basic"
1.80068310225164,0.904447119515162,31,298,"Advanced"
-0.842385165427704,0.968412069222136,31,214,"Basic"
0.0112390785402312,0.886170707590159,31,241,"Basic"
1.09127475305513,0.868189019247895,31,276,"Proficient"
1.52243178256258,0.885894750349125,31,290,"Advanced"
-1.55190959836275,1.08580794287411,31,191,"Below Basic"
0.727430049260701,0.864026342347915,31,264,"Proficient"
-0.481294239079993,0.925962985625163,31,226,"Basic"
1.97784132283836,0.919112727889578,31,304,"Advanced"
-0.343907866428518,0.912787808171432,31,230,"Basic"
0.398468676552506,0.869083149283242,31,254,"Proficient"
0.857465446630226,0.864356057738261,31,268,"Proficient"
-0.682128286769285,0.948162876579586,31,219,"Basic"
-1.65683517670919,1.1071115041029,31,188,"Below Basic"
-1.06539808277023,1.00038659094298,31,207,"Below Basic"
1.3333235842657,0.876455707325235,31,284,"Advanced"
-3.45673416945557,1.64646202352861,31,131,"Below Basic"
-0.747226630708911,0.956115320605399,31,217,"Basic"
-0.687119491760067,0.948759429763714,31,219,"Basic"
-0.213496708804139,0.901775876578387,31,234,"Basic"
-1.4714365215738,1.07017009153831,31,194,"Below Basic"
-1.2697918696657,1.03362709647092,31,200,"Below Basic"
-0.410225499621546,0.918944921737417,31,228,"Basic"
-2.79533750586331,1.40810445634766,31,152,"Below Basic"
-1.55908311297091,1.08723137832723,31,191,"Below Basic"
0.512380587887568,0.866364898331212,31,257,"Proficient"
-2.00635600188103,1.18567527190071,31,177,"Below Basic"
-2.62887771088339,1.35576414574385,31,157,"Below Basic"
1.43507656574607,0.881212847489875,31,287,"Advanced"
-0.671481462412199,0.946897657445283,31,220,"Basic"
1.19040758768941,0.871051650200909,31,279,"Proficient"
2.51880805346071,0.977456484150679,31,321,"Advanced"
0.560941122304066,0.865519399393837,31,259,"Proficient"
0.390788367861237,0.869303718955957,31,253,"Proficient"
-0.982245778476938,0.987944436774417,31,210,"Below Basic"
1.46945900949664,0.882989936881976,31,288,"Advanced"
-0.673435647670422,0.947129139323441,31,219,"Basic"
-2.8783303674535,1.43532190105006,31,149,"Below Basic"
-0.657148137352587,0.945210036355293,31,220,"Basic"
0.23192354614741,0.874932698056186,31,248,"Basic"
-0.0241125697568125,0.88834509609548,31,240,"Basic"
1.23331732786864,0.872516463771101,31,280,"Proficient"
-0.862825871039035,0.971158084928151,31,213,"Below Basic"
0.457646683853166,0.867541930765972,31,256,"Proficient"
1.24346582031879,0.872882749363514,31,281,"Proficient"
0.50307049820741,0.866548316399412,31,257,"Proficient"
-0.373907424498204,0.915526325658416,31,229,"Basic"
-0.42563581458415,0.920429740128908,31,227,"Basic"
0.378316859218393,0.869671968843775,31,253,"Proficient"
-0.0593242104402009,0.890614466602186,31,239,"Basic"
-0.227690217825259,0.902904252176707,31,234,"Basic"
-0.868529185725346,0.971930890211119,31,213,"Below Basic"
0.790902726678302,0.864024690681591,31,266,"Proficient"
-1.14999827226196,1.01368498817482,31,204,"Below Basic"
-0.741580886563238,0.955410874852864,31,217,"Basic"
0.467338193819788,0.867316164198993,31,256,"Proficient"
-1.97451625105262,1.17802723477259,31,178,"Below Basic"
1.08018601512322,0.86791429942584,31,275,"Proficient"
0.172704099727658,0.877555427563256,31,246,"Basic"
-3.68138654844539,1.73894326546377,31,124,"Below Basic"
1.01261697785793,0.866439255070275,31,273,"Proficient"
1.14361589450338,0.869609499274498,31,277,"Proficient"
-0.911214183198192,0.977806588134083,31,212,"Below Basic"
1.52039416942214,0.885779281598424,31,289,"Advanced"
2.28028511613046,0.949222495634719,31,314,"Advanced"
-0.0362313493179076,0.889114460572687,31,240,"Basic"
1.78408763961452,0.903186482723941,31,298,"Advanced"
0.155788367475009,0.878357285450624,31,246,"Basic"
-0.428949211638957,0.920751662978345,31,227,"Basic"
2.06766496965911,0.927389169342029,31,307,"Advanced"
0.506808319553181,0.866473851951105,31,257,"Proficient"
-0.52002046489117,0.929970837163597,31,224,"Basic"
-2.41565441002475,1.29302126209008,31,164,"Below Basic"
0.101326924070022,0.881098603445275,31,244,"Basic"
0.870630813536678,0.864461792365264,31,269,"Proficient"
-0.376016388811918,0.915721744564256,31,229,"Basic"
-0.594247465624007,0.938016416743333,31,222,"Basic"
-0.566825172375365,0.93498828339943,31,223,"Basic"
-0.912679267692095,0.978011140118362,31,212,"Below Basic"
0.838712119110788,0.864228327934778,31,268,"Proficient"
0.824252894625536,0.864148233720284,31,267,"Proficient"
-2.84556155229635,1.42448539474893,31,150,"Below Basic"
-0.154830000342345,0.897292724890165,31,236,"Basic"
-0.55758360530828,0.933982515264576,31,223,"Basic"
0.427436229630116,0.868293753182452,31,255,"Proficient"
0.178812993455753,0.877271611026034,31,247,"Basic"
2.97937153225359,1.04318026172783,31,336,"Advanced"
0.277635951952732,0.873103659823247,31,250,"Proficient"
0.310437021565525,0.87189572476765,31,251,"Proficient"
0.51828088933351,0.866252212656006,31,258,"Proficient"
1.18580883681483,0.870902729067679,31,279,"Proficient"
-1.67980707099676,1.11191457713881,31,187,"Below Basic"
-1.68306207306193,1.11259920415195,31,187,"Below Basic"
0.55857194411703,0.86555632792333,31,259,"Proficient"
-3.99992954822391,1.88053981212573,31,113,"Below Basic"
-0.417005439680936,0.919595666998531,31,228,"Basic"
0.493384958121499,0.866746427692806,31,257,"Proficient"
0.965087170925525,0.86560732516462,31,272,"Proficient"
1.4454132844701,0.881738129653045,31,287,"Advanced"
-0.527773367782339,0.930788806113464,31,224,"Basic"
-0.83206660130005,0.967039944344623,31,214,"Basic"
-1.33321306531182,1.04471615295771,31,198,"Below Basic"
-0.322592412977871,0.910888826853229,31,231,"Basic"
-1.96756606611083,1.17637101743348,31,178,"Below Basic"
-1.90146692054647,1.16085597758278,31,180,"Below Basic"
0.505926672367172,0.866491316183574,31,257,"Proficient"
-2.76457069947396,1.39820525142927,31,153,"Below Basic"
-1.87214596105478,1.15411003083994,31,181,"Below Basic"
-0.301874036492154,0.90908023683028,31,231,"Basic"
0.651494176067963,0.86443865159697,31,262,"Proficient"
-1.34502386668928,1.04682209085388,31,198,"Below Basic"
-1.04738666570686,0.99763878502953,31,208,"Below Basic"
2.49651103628545,0.974649719695393,31,321,"Advanced"
0.384743001841903,0.869480663042749,31,253,"Proficient"
-0.61967673961685,0.94088302489876,31,221,"Basic"
-0.761087404553198,0.957856704499798,31,217,"Basic"
1.37898281469894,0.878497299699477,31,285,"Advanced"
0.200331248256585,0.876296209989021,31,247,"Basic"
1.14795019125374,0.869736263056221,31,278,"Proficient"
1.64660916119384,0.893493178539819,31,294,"Advanced"
-0.590623928620013,0.937612529524799,31,222,"Basic"
-2.24027887091721,1.24495175822843,31,170,"Below Basic"
-0.762091701046069,0.957983536216162,31,217,"Basic"
0.397137488201986,0.869121040634055,31,254,"Proficient"
-0.318213742491339,0.910503541182974,31,231,"Basic"
-0.393883629701298,0.917392655100981,31,228,"Basic"
-3.33279770471345,1.5979933632608,31,135,"Below Basic"
-1.72218637313959,1.120907192915,31,186,"Below Basic"
-0.603236637828445,0.939023309821354,31,222,"Basic"
1.5620254073998,0.88819763644856,31,291,"Advanced"
1.27690916624593,0.874143394864516,31,282,"Proficient"
1.09415018321465,0.868261756120768,31,276,"Proficient"
0.799237623147616,0.864047553549445,31,266,"Proficient"
-1.53708767252971,1.08288214015084,31,192,"Below Basic"
-1.47860107268501,1.07153779634229,31,194,"Below Basic"
-1.233753209732,1.02749007861011,31,202,"Below Basic"
-0.0627894212619746,0.89084339721617,31,239,"Basic"
-0.842661607285688,0.968448959287096,31,214,"Basic"
-1.93883960913606,1.16957577241145,31,179,"Below Basic"
-0.534940771108683,0.931549639381925,31,224,"Basic"
0.499226643793826,0.866626048976208,31,257,"Proficient"
0.145946125451881,0.878834641161861,31,246,"Basic"
1.86781799136756,0.909745077238588,31,301,"Advanced"
0.490415163736493,0.866808664495245,31,257,"Proficient"
1.45414217603975,0.882187722463152,31,287,"Advanced"
1.97733942627648,0.91906806801808,31,304,"Advanced"
-0.333778420843503,0.911880538061699,31,230,"Basic"
-0.203285752713223,0.900974666469692,31,234,"Basic"
1.47822105570204,0.883456459202863,31,288,"Advanced"
1.01188150785789,0.866425085147416,31,273,"Proficient"
-0.0697086029881703,0.891303521825192,31,239,"Basic"
-0.83728443127844,0.967732612582961,31,214,"Basic"
-0.0806897252940134,0.892041993290848,31,238,"Basic"
0.371362247326477,0.869882744489183,31,253,"Proficient"
-1.58572500435133,1.09256025969681,31,190,"Below Basic"
1.15465881437859,0.869935217541388,31,278,"Proficient"
-0.124734399417195,0.895105590860517,31,237,"Basic"
1.83751328303314,0.907314258207651,31,300,"Advanced"
-0.905300515952494,0.976982878619949,31,212,"Below Basic"
-0.906135764506372,0.977099030699376,31,212,"Below Basic"
